cr564_externalid,cr564_name,cr564_requiredtext,cr564_testnumber,cr564_testdate
BULK-0001,Bulk Row 0001,Required 0001,1,2026-06-12
BULK-0002,Bulk Row 0002,Required 0002,2,2026-06-12
BULK-0003,Bulk Row 0003,Required 0003,3,2026-06-12
BULK-0004,Bulk Row 0004,Required 0004,4,2026-06-12
BULK-0005,Bulk Row 0005,Required 0005,5,2026-06-12
BULK-0006,Bulk Row 0006,Required 0006,6,2026-06-12
BULK-0007,Bulk Row 0007,Required 0007,7,2026-06-12
BULK-0008,Bulk Row 0008,Required 0008,8,2026-06-12
BULK-0009,Bulk Row 0009,Required 0009,9,2026-06-12
BULK-0010,Bulk Row 0010,Required 0010,10,2026-06-12
BULK-0011,Bulk Row 0011,Required 0011,11,2026-06-12
BULK-0012,Bulk Row 0012,Required 0012,12,2026-06-12
BULK-0013,Bulk Row 0013,Required 0013,13,2026-06-12
BULK-0014,Bulk Row 0014,Required 0014,14,2026-06-12
BULK-0015,Bulk Row 0015,Required 0015,15,2026-06-12
BULK-0016,Bulk Row 0016,Required 0016,16,2026-06-12
BULK-0017,Bulk Row 0017,Required 0017,17,2026-06-12
BULK-0018,Bulk Row 0018,Required 0018,18,2026-06-12
BULK-0019,Bulk Row 0019,Required 0019,19,2026-06-12
BULK-0020,Bulk Row 0020,Required 0020,20,2026-06-12
BULK-0021,Bulk Row 0021,Required 0021,21,2026-06-12
BULK-0022,Bulk Row 0022,Required 0022,22,2026-06-12
BULK-0023,Bulk Row 0023,Required 0023,23,2026-06-12
BULK-0024,Bulk Row 0024,Required 0024,24,2026-06-12
BULK-0025,Bulk Row 0025,Required 0025,25,2026-06-12
BULK-0026,Bulk Row 0026,Required 0026,26,2026-06-12
BULK-0027,Bulk Row 0027,Required 0027,27,2026-06-12
BULK-0028,Bulk Row 0028,Required 0028,28,2026-06-12
BULK-0029,Bulk Row 0029,Required 0029,29,2026-06-12
BULK-0030,Bulk Row 0030,Required 0030,30,2026-06-12
BULK-0031,Bulk Row 0031,Required 0031,31,2026-06-12
BULK-0032,Bulk Row 0032,Required 0032,32,2026-06-12
BULK-0033,Bulk Row 0033,Required 0033,33,2026-06-12
BULK-0034,Bulk Row 0034,Required 0034,34,2026-06-12
BULK-0035,Bulk Row 0035,Required 0035,35,2026-06-12
BULK-0036,Bulk Row 0036,Required 0036,36,2026-06-12
BULK-0037,Bulk Row 0037,Required 0037,37,2026-06-12
BULK-0038,Bulk Row 0038,Required 0038,38,2026-06-12
BULK-0039,Bulk Row 0039,Required 0039,39,2026-06-12
BULK-0040,Bulk Row 0040,Required 0040,40,2026-06-12
BULK-0041,Bulk Row 0041,Required 0041,41,2026-06-12
BULK-0042,Bulk Row 0042,Required 0042,42,2026-06-12
BULK-0043,Bulk Row 0043,Required 0043,43,2026-06-12
BULK-0044,Bulk Row 0044,Required 0044,44,2026-06-12
BULK-0045,Bulk Row 0045,Required 0045,45,2026-06-12
BULK-0046,Bulk Row 0046,Required 0046,46,2026-06-12
BULK-0047,Bulk Row 0047,Required 0047,47,2026-06-12
BULK-0048,Bulk Row 0048,Required 0048,48,2026-06-12
BULK-0049,Bulk Row 0049,Required 0049,49,2026-06-12
BULK-0050,Bulk Row 0050,Required 0050,50,2026-06-12
BULK-0051,Bulk Row 0051,Required 0051,51,2026-06-12
BULK-0052,Bulk Row 0052,Required 0052,52,2026-06-12
BULK-0053,Bulk Row 0053,Required 0053,53,2026-06-12
BULK-0054,Bulk Row 0054,Required 0054,54,2026-06-12
BULK-0055,Bulk Row 0055,Required 0055,55,2026-06-12
BULK-0056,Bulk Row 0056,Required 0056,56,2026-06-12
BULK-0057,Bulk Row 0057,Required 0057,57,2026-06-12
BULK-0058,Bulk Row 0058,Required 0058,58,2026-06-12
BULK-0059,Bulk Row 0059,Required 0059,59,2026-06-12
BULK-0060,Bulk Row 0060,Required 0060,60,2026-06-12
BULK-0061,Bulk Row 0061,Required 0061,61,2026-06-12
BULK-0062,Bulk Row 0062,Required 0062,62,2026-06-12
BULK-0063,Bulk Row 0063,Required 0063,63,2026-06-12
BULK-0064,Bulk Row 0064,Required 0064,64,2026-06-12
BULK-0065,Bulk Row 0065,Required 0065,65,2026-06-12
BULK-0066,Bulk Row 0066,Required 0066,66,2026-06-12
BULK-0067,Bulk Row 0067,Required 0067,67,2026-06-12
BULK-0068,Bulk Row 0068,Required 0068,68,2026-06-12
BULK-0069,Bulk Row 0069,Required 0069,69,2026-06-12
BULK-0070,Bulk Row 0070,Required 0070,70,2026-06-12
BULK-0071,Bulk Row 0071,Required 0071,71,2026-06-12
BULK-0072,Bulk Row 0072,Required 0072,72,2026-06-12
BULK-0073,Bulk Row 0073,Required 0073,73,2026-06-12
BULK-0074,Bulk Row 0074,Required 0074,74,2026-06-12
BULK-0075,Bulk Row 0075,Required 0075,75,2026-06-12
BULK-0076,Bulk Row 0076,Required 0076,76,2026-06-12
BULK-0077,Bulk Row 0077,Required 0077,77,2026-06-12
BULK-0078,Bulk Row 0078,Required 0078,78,2026-06-12
BULK-0079,Bulk Row 0079,Required 0079,79,2026-06-12
BULK-0080,Bulk Row 0080,Required 0080,80,2026-06-12
BULK-0081,Bulk Row 0081,Required 0081,81,2026-06-12
BULK-0082,Bulk Row 0082,Required 0082,82,2026-06-12
BULK-0083,Bulk Row 0083,Required 0083,83,2026-06-12
BULK-0084,Bulk Row 0084,Required 0084,84,2026-06-12
BULK-0085,Bulk Row 0085,Required 0085,85,2026-06-12
BULK-0086,Bulk Row 0086,Required 0086,86,2026-06-12
BULK-0087,Bulk Row 0087,Required 0087,87,2026-06-12
BULK-0088,Bulk Row 0088,Required 0088,88,2026-06-12
BULK-0089,Bulk Row 0089,Required 0089,89,2026-06-12
BULK-0090,Bulk Row 0090,Required 0090,90,2026-06-12
BULK-0091,Bulk Row 0091,Required 0091,91,2026-06-12
BULK-0092,Bulk Row 0092,Required 0092,92,2026-06-12
BULK-0093,Bulk Row 0093,Required 0093,93,2026-06-12
BULK-0094,Bulk Row 0094,Required 0094,94,2026-06-12
BULK-0095,Bulk Row 0095,Required 0095,95,2026-06-12
BULK-0096,Bulk Row 0096,Required 0096,96,2026-06-12
BULK-0097,Bulk Row 0097,Required 0097,97,2026-06-12
BULK-0098,Bulk Row 0098,Required 0098,98,2026-06-12
BULK-0099,Bulk Row 0099,Required 0099,99,2026-06-12
BULK-0100,Bulk Row 0100,Required 0100,100,2026-06-12
BULK-0101,Bulk Row 0101,Required 0101,101,2026-06-12
BULK-0102,Bulk Row 0102,Required 0102,102,2026-06-12
BULK-0103,Bulk Row 0103,Required 0103,103,2026-06-12
BULK-0104,Bulk Row 0104,Required 0104,104,2026-06-12
BULK-0105,Bulk Row 0105,Required 0105,105,2026-06-12
BULK-0106,Bulk Row 0106,Required 0106,106,2026-06-12
BULK-0107,Bulk Row 0107,Required 0107,107,2026-06-12
BULK-0108,Bulk Row 0108,Required 0108,108,2026-06-12
BULK-0109,Bulk Row 0109,Required 0109,109,2026-06-12
BULK-0110,Bulk Row 0110,Required 0110,110,2026-06-12
BULK-0111,Bulk Row 0111,Required 0111,111,2026-06-12
BULK-0112,Bulk Row 0112,Required 0112,112,2026-06-12
BULK-0113,Bulk Row 0113,Required 0113,113,2026-06-12
BULK-0114,Bulk Row 0114,Required 0114,114,2026-06-12
BULK-0115,Bulk Row 0115,Required 0115,115,2026-06-12
BULK-0116,Bulk Row 0116,Required 0116,116,2026-06-12
BULK-0117,Bulk Row 0117,Required 0117,117,2026-06-12
BULK-0118,Bulk Row 0118,Required 0118,118,2026-06-12
BULK-0119,Bulk Row 0119,Required 0119,119,2026-06-12
BULK-0120,Bulk Row 0120,Required 0120,120,2026-06-12
BULK-0121,Bulk Row 0121,Required 0121,121,2026-06-12
BULK-0122,Bulk Row 0122,Required 0122,122,2026-06-12
BULK-0123,Bulk Row 0123,Required 0123,123,2026-06-12
BULK-0124,Bulk Row 0124,Required 0124,124,2026-06-12
BULK-0125,Bulk Row 0125,Required 0125,125,2026-06-12
BULK-0126,Bulk Row 0126,Required 0126,126,2026-06-12
BULK-0127,Bulk Row 0127,Required 0127,127,2026-06-12
BULK-0128,Bulk Row 0128,Required 0128,128,2026-06-12
BULK-0129,Bulk Row 0129,Required 0129,129,2026-06-12
BULK-0130,Bulk Row 0130,Required 0130,130,2026-06-12
BULK-0131,Bulk Row 0131,Required 0131,131,2026-06-12
BULK-0132,Bulk Row 0132,Required 0132,132,2026-06-12
BULK-0133,Bulk Row 0133,Required 0133,133,2026-06-12
BULK-0134,Bulk Row 0134,Required 0134,134,2026-06-12
BULK-0135,Bulk Row 0135,Required 0135,135,2026-06-12
BULK-0136,Bulk Row 0136,Required 0136,136,2026-06-12
BULK-0137,Bulk Row 0137,Required 0137,137,2026-06-12
BULK-0138,Bulk Row 0138,Required 0138,138,2026-06-12
BULK-0139,Bulk Row 0139,Required 0139,139,2026-06-12
BULK-0140,Bulk Row 0140,Required 0140,140,2026-06-12
BULK-0141,Bulk Row 0141,Required 0141,141,2026-06-12
BULK-0142,Bulk Row 0142,Required 0142,142,2026-06-12
BULK-0143,Bulk Row 0143,Required 0143,143,2026-06-12
BULK-0144,Bulk Row 0144,Required 0144,144,2026-06-12
BULK-0145,Bulk Row 0145,Required 0145,145,2026-06-12
BULK-0146,Bulk Row 0146,Required 0146,146,2026-06-12
BULK-0147,Bulk Row 0147,Required 0147,147,2026-06-12
BULK-0148,Bulk Row 0148,Required 0148,148,2026-06-12
BULK-0149,Bulk Row 0149,Required 0149,149,2026-06-12
BULK-0150,Bulk Row 0150,Required 0150,150,2026-06-12
BULK-0151,Bulk Row 0151,Required 0151,151,2026-06-12
BULK-0152,Bulk Row 0152,Required 0152,152,2026-06-12
BULK-0153,Bulk Row 0153,Required 0153,153,2026-06-12
BULK-0154,Bulk Row 0154,Required 0154,154,2026-06-12
BULK-0155,Bulk Row 0155,Required 0155,155,2026-06-12
BULK-0156,Bulk Row 0156,Required 0156,156,2026-06-12
BULK-0157,Bulk Row 0157,Required 0157,157,2026-06-12
BULK-0158,Bulk Row 0158,Required 0158,158,2026-06-12
BULK-0159,Bulk Row 0159,Required 0159,159,2026-06-12
BULK-0160,Bulk Row 0160,Required 0160,160,2026-06-12
BULK-0161,Bulk Row 0161,Required 0161,161,2026-06-12
BULK-0162,Bulk Row 0162,Required 0162,162,2026-06-12
BULK-0163,Bulk Row 0163,Required 0163,163,2026-06-12
BULK-0164,Bulk Row 0164,Required 0164,164,2026-06-12
BULK-0165,Bulk Row 0165,Required 0165,165,2026-06-12
BULK-0166,Bulk Row 0166,Required 0166,166,2026-06-12
BULK-0167,Bulk Row 0167,Required 0167,167,2026-06-12
BULK-0168,Bulk Row 0168,Required 0168,168,2026-06-12
BULK-0169,Bulk Row 0169,Required 0169,169,2026-06-12
BULK-0170,Bulk Row 0170,Required 0170,170,2026-06-12
BULK-0171,Bulk Row 0171,Required 0171,171,2026-06-12
BULK-0172,Bulk Row 0172,Required 0172,172,2026-06-12
BULK-0173,Bulk Row 0173,Required 0173,173,2026-06-12
BULK-0174,Bulk Row 0174,Required 0174,174,2026-06-12
BULK-0175,Bulk Row 0175,Required 0175,175,2026-06-12
BULK-0176,Bulk Row 0176,Required 0176,176,2026-06-12
BULK-0177,Bulk Row 0177,Required 0177,177,2026-06-12
BULK-0178,Bulk Row 0178,Required 0178,178,2026-06-12
BULK-0179,Bulk Row 0179,Required 0179,179,2026-06-12
BULK-0180,Bulk Row 0180,Required 0180,180,2026-06-12
BULK-0181,Bulk Row 0181,Required 0181,181,2026-06-12
BULK-0182,Bulk Row 0182,Required 0182,182,2026-06-12
BULK-0183,Bulk Row 0183,Required 0183,183,2026-06-12
BULK-0184,Bulk Row 0184,Required 0184,184,2026-06-12
BULK-0185,Bulk Row 0185,Required 0185,185,2026-06-12
BULK-0186,Bulk Row 0186,Required 0186,186,2026-06-12
BULK-0187,Bulk Row 0187,Required 0187,187,2026-06-12
BULK-0188,Bulk Row 0188,Required 0188,188,2026-06-12
BULK-0189,Bulk Row 0189,Required 0189,189,2026-06-12
BULK-0190,Bulk Row 0190,Required 0190,190,2026-06-12
BULK-0191,Bulk Row 0191,Required 0191,191,2026-06-12
BULK-0192,Bulk Row 0192,Required 0192,192,2026-06-12
BULK-0193,Bulk Row 0193,Required 0193,193,2026-06-12
BULK-0194,Bulk Row 0194,Required 0194,194,2026-06-12
BULK-0195,Bulk Row 0195,Required 0195,195,2026-06-12
BULK-0196,Bulk Row 0196,Required 0196,196,2026-06-12
BULK-0197,Bulk Row 0197,Required 0197,197,2026-06-12
BULK-0198,Bulk Row 0198,Required 0198,198,2026-06-12
BULK-0199,Bulk Row 0199,Required 0199,199,2026-06-12
BULK-0200,Bulk Row 0200,Required 0200,200,2026-06-12
BULK-0201,Bulk Row 0201,Required 0201,201,2026-06-12
BULK-0202,Bulk Row 0202,Required 0202,202,2026-06-12
BULK-0203,Bulk Row 0203,Required 0203,203,2026-06-12
BULK-0204,Bulk Row 0204,Required 0204,204,2026-06-12
BULK-0205,Bulk Row 0205,Required 0205,205,2026-06-12
BULK-0206,Bulk Row 0206,Required 0206,206,2026-06-12
BULK-0207,Bulk Row 0207,Required 0207,207,2026-06-12
BULK-0208,Bulk Row 0208,Required 0208,208,2026-06-12
BULK-0209,Bulk Row 0209,Required 0209,209,2026-06-12
BULK-0210,Bulk Row 0210,Required 0210,210,2026-06-12
BULK-0211,Bulk Row 0211,Required 0211,211,2026-06-12
BULK-0212,Bulk Row 0212,Required 0212,212,2026-06-12
BULK-0213,Bulk Row 0213,Required 0213,213,2026-06-12
BULK-0214,Bulk Row 0214,Required 0214,214,2026-06-12
BULK-0215,Bulk Row 0215,Required 0215,215,2026-06-12
BULK-0216,Bulk Row 0216,Required 0216,216,2026-06-12
BULK-0217,Bulk Row 0217,Required 0217,217,2026-06-12
BULK-0218,Bulk Row 0218,Required 0218,218,2026-06-12
BULK-0219,Bulk Row 0219,Required 0219,219,2026-06-12
BULK-0220,Bulk Row 0220,Required 0220,220,2026-06-12
BULK-0221,Bulk Row 0221,Required 0221,221,2026-06-12
BULK-0222,Bulk Row 0222,Required 0222,222,2026-06-12
BULK-0223,Bulk Row 0223,Required 0223,223,2026-06-12
BULK-0224,Bulk Row 0224,Required 0224,224,2026-06-12
BULK-0225,Bulk Row 0225,Required 0225,225,2026-06-12
BULK-0226,Bulk Row 0226,Required 0226,226,2026-06-12
BULK-0227,Bulk Row 0227,Required 0227,227,2026-06-12
BULK-0228,Bulk Row 0228,Required 0228,228,2026-06-12
BULK-0229,Bulk Row 0229,Required 0229,229,2026-06-12
BULK-0230,Bulk Row 0230,Required 0230,230,2026-06-12
BULK-0231,Bulk Row 0231,Required 0231,231,2026-06-12
BULK-0232,Bulk Row 0232,Required 0232,232,2026-06-12
BULK-0233,Bulk Row 0233,Required 0233,233,2026-06-12
BULK-0234,Bulk Row 0234,Required 0234,234,2026-06-12
BULK-0235,Bulk Row 0235,Required 0235,235,2026-06-12
BULK-0236,Bulk Row 0236,Required 0236,236,2026-06-12
BULK-0237,Bulk Row 0237,Required 0237,237,2026-06-12
BULK-0238,Bulk Row 0238,Required 0238,238,2026-06-12
BULK-0239,Bulk Row 0239,Required 0239,239,2026-06-12
BULK-0240,Bulk Row 0240,Required 0240,240,2026-06-12
BULK-0241,Bulk Row 0241,Required 0241,241,2026-06-12
BULK-0242,Bulk Row 0242,Required 0242,242,2026-06-12
BULK-0243,Bulk Row 0243,Required 0243,243,2026-06-12
BULK-0244,Bulk Row 0244,Required 0244,244,2026-06-12
BULK-0245,Bulk Row 0245,Required 0245,245,2026-06-12
BULK-0246,Bulk Row 0246,Required 0246,246,2026-06-12
BULK-0247,Bulk Row 0247,Required 0247,247,2026-06-12
BULK-0248,Bulk Row 0248,Required 0248,248,2026-06-12
BULK-0249,Bulk Row 0249,Required 0249,249,2026-06-12
BULK-0250,Bulk Row 0250,Required 0250,250,2026-06-12
BULK-0251,Bulk Row 0251,Required 0251,251,2026-06-12
BULK-0252,Bulk Row 0252,Required 0252,252,2026-06-12
BULK-0253,Bulk Row 0253,Required 0253,253,2026-06-12
BULK-0254,Bulk Row 0254,Required 0254,254,2026-06-12
BULK-0255,Bulk Row 0255,Required 0255,255,2026-06-12
BULK-0256,Bulk Row 0256,Required 0256,256,2026-06-12
BULK-0257,Bulk Row 0257,Required 0257,257,2026-06-12
BULK-0258,Bulk Row 0258,Required 0258,258,2026-06-12
BULK-0259,Bulk Row 0259,Required 0259,259,2026-06-12
BULK-0260,Bulk Row 0260,Required 0260,260,2026-06-12
BULK-0261,Bulk Row 0261,Required 0261,261,2026-06-12
BULK-0262,Bulk Row 0262,Required 0262,262,2026-06-12
BULK-0263,Bulk Row 0263,Required 0263,263,2026-06-12
BULK-0264,Bulk Row 0264,Required 0264,264,2026-06-12
BULK-0265,Bulk Row 0265,Required 0265,265,2026-06-12
BULK-0266,Bulk Row 0266,Required 0266,266,2026-06-12
BULK-0267,Bulk Row 0267,Required 0267,267,2026-06-12
BULK-0268,Bulk Row 0268,Required 0268,268,2026-06-12
BULK-0269,Bulk Row 0269,Required 0269,269,2026-06-12
BULK-0270,Bulk Row 0270,Required 0270,270,2026-06-12
BULK-0271,Bulk Row 0271,Required 0271,271,2026-06-12
BULK-0272,Bulk Row 0272,Required 0272,272,2026-06-12
BULK-0273,Bulk Row 0273,Required 0273,273,2026-06-12
BULK-0274,Bulk Row 0274,Required 0274,274,2026-06-12
BULK-0275,Bulk Row 0275,Required 0275,275,2026-06-12
BULK-0276,Bulk Row 0276,Required 0276,276,2026-06-12
BULK-0277,Bulk Row 0277,Required 0277,277,2026-06-12
BULK-0278,Bulk Row 0278,Required 0278,278,2026-06-12
BULK-0279,Bulk Row 0279,Required 0279,279,2026-06-12
BULK-0280,Bulk Row 0280,Required 0280,280,2026-06-12
BULK-0281,Bulk Row 0281,Required 0281,281,2026-06-12
BULK-0282,Bulk Row 0282,Required 0282,282,2026-06-12
BULK-0283,Bulk Row 0283,Required 0283,283,2026-06-12
BULK-0284,Bulk Row 0284,Required 0284,284,2026-06-12
BULK-0285,Bulk Row 0285,Required 0285,285,2026-06-12
BULK-0286,Bulk Row 0286,Required 0286,286,2026-06-12
BULK-0287,Bulk Row 0287,Required 0287,287,2026-06-12
BULK-0288,Bulk Row 0288,Required 0288,288,2026-06-12
BULK-0289,Bulk Row 0289,Required 0289,289,2026-06-12
BULK-0290,Bulk Row 0290,Required 0290,290,2026-06-12
BULK-0291,Bulk Row 0291,Required 0291,291,2026-06-12
BULK-0292,Bulk Row 0292,Required 0292,292,2026-06-12
BULK-0293,Bulk Row 0293,Required 0293,293,2026-06-12
BULK-0294,Bulk Row 0294,Required 0294,294,2026-06-12
BULK-0295,Bulk Row 0295,Required 0295,295,2026-06-12
BULK-0296,Bulk Row 0296,Required 0296,296,2026-06-12
BULK-0297,Bulk Row 0297,Required 0297,297,2026-06-12
BULK-0298,Bulk Row 0298,Required 0298,298,2026-06-12
BULK-0299,Bulk Row 0299,Required 0299,299,2026-06-12
BULK-0300,Bulk Row 0300,Required 0300,300,2026-06-12
BULK-0301,Bulk Row 0301,Required 0301,301,2026-06-12
BULK-0302,Bulk Row 0302,Required 0302,302,2026-06-12
BULK-0303,Bulk Row 0303,Required 0303,303,2026-06-12
BULK-0304,Bulk Row 0304,Required 0304,304,2026-06-12
BULK-0305,Bulk Row 0305,Required 0305,305,2026-06-12
BULK-0306,Bulk Row 0306,Required 0306,306,2026-06-12
BULK-0307,Bulk Row 0307,Required 0307,307,2026-06-12
BULK-0308,Bulk Row 0308,Required 0308,308,2026-06-12
BULK-0309,Bulk Row 0309,Required 0309,309,2026-06-12
BULK-0310,Bulk Row 0310,Required 0310,310,2026-06-12
BULK-0311,Bulk Row 0311,Required 0311,311,2026-06-12
BULK-0312,Bulk Row 0312,Required 0312,312,2026-06-12
BULK-0313,Bulk Row 0313,Required 0313,313,2026-06-12
BULK-0314,Bulk Row 0314,Required 0314,314,2026-06-12
BULK-0315,Bulk Row 0315,Required 0315,315,2026-06-12
BULK-0316,Bulk Row 0316,Required 0316,316,2026-06-12
BULK-0317,Bulk Row 0317,Required 0317,317,2026-06-12
BULK-0318,Bulk Row 0318,Required 0318,318,2026-06-12
BULK-0319,Bulk Row 0319,Required 0319,319,2026-06-12
BULK-0320,Bulk Row 0320,Required 0320,320,2026-06-12
BULK-0321,Bulk Row 0321,Required 0321,321,2026-06-12
BULK-0322,Bulk Row 0322,Required 0322,322,2026-06-12
BULK-0323,Bulk Row 0323,Required 0323,323,2026-06-12
BULK-0324,Bulk Row 0324,Required 0324,324,2026-06-12
BULK-0325,Bulk Row 0325,Required 0325,325,2026-06-12
BULK-0326,Bulk Row 0326,Required 0326,326,2026-06-12
BULK-0327,Bulk Row 0327,Required 0327,327,2026-06-12
BULK-0328,Bulk Row 0328,Required 0328,328,2026-06-12
BULK-0329,Bulk Row 0329,Required 0329,329,2026-06-12
BULK-0330,Bulk Row 0330,Required 0330,330,2026-06-12
BULK-0331,Bulk Row 0331,Required 0331,331,2026-06-12
BULK-0332,Bulk Row 0332,Required 0332,332,2026-06-12
BULK-0333,Bulk Row 0333,Required 0333,333,2026-06-12
BULK-0334,Bulk Row 0334,Required 0334,334,2026-06-12
BULK-0335,Bulk Row 0335,Required 0335,335,2026-06-12
BULK-0336,Bulk Row 0336,Required 0336,336,2026-06-12
BULK-0337,Bulk Row 0337,Required 0337,337,2026-06-12
BULK-0338,Bulk Row 0338,Required 0338,338,2026-06-12
BULK-0339,Bulk Row 0339,Required 0339,339,2026-06-12
BULK-0340,Bulk Row 0340,Required 0340,340,2026-06-12
BULK-0341,Bulk Row 0341,Required 0341,341,2026-06-12
BULK-0342,Bulk Row 0342,Required 0342,342,2026-06-12
BULK-0343,Bulk Row 0343,Required 0343,343,2026-06-12
BULK-0344,Bulk Row 0344,Required 0344,344,2026-06-12
BULK-0345,Bulk Row 0345,Required 0345,345,2026-06-12
BULK-0346,Bulk Row 0346,Required 0346,346,2026-06-12
BULK-0347,Bulk Row 0347,Required 0347,347,2026-06-12
BULK-0348,Bulk Row 0348,Required 0348,348,2026-06-12
BULK-0349,Bulk Row 0349,Required 0349,349,2026-06-12
BULK-0350,Bulk Row 0350,Required 0350,350,2026-06-12
BULK-0351,Bulk Row 0351,Required 0351,351,2026-06-12
BULK-0352,Bulk Row 0352,Required 0352,352,2026-06-12
BULK-0353,Bulk Row 0353,Required 0353,353,2026-06-12
BULK-0354,Bulk Row 0354,Required 0354,354,2026-06-12
BULK-0355,Bulk Row 0355,Required 0355,355,2026-06-12
BULK-0356,Bulk Row 0356,Required 0356,356,2026-06-12
BULK-0357,Bulk Row 0357,Required 0357,357,2026-06-12
BULK-0358,Bulk Row 0358,Required 0358,358,2026-06-12
BULK-0359,Bulk Row 0359,Required 0359,359,2026-06-12
BULK-0360,Bulk Row 0360,Required 0360,360,2026-06-12
BULK-0361,Bulk Row 0361,Required 0361,361,2026-06-12
BULK-0362,Bulk Row 0362,Required 0362,362,2026-06-12
BULK-0363,Bulk Row 0363,Required 0363,363,2026-06-12
BULK-0364,Bulk Row 0364,Required 0364,364,2026-06-12
BULK-0365,Bulk Row 0365,Required 0365,365,2026-06-12
BULK-0366,Bulk Row 0366,Required 0366,366,2026-06-12
BULK-0367,Bulk Row 0367,Required 0367,367,2026-06-12
BULK-0368,Bulk Row 0368,Required 0368,368,2026-06-12
BULK-0369,Bulk Row 0369,Required 0369,369,2026-06-12
BULK-0370,Bulk Row 0370,Required 0370,370,2026-06-12
BULK-0371,Bulk Row 0371,Required 0371,371,2026-06-12
BULK-0372,Bulk Row 0372,Required 0372,372,2026-06-12
BULK-0373,Bulk Row 0373,Required 0373,373,2026-06-12
BULK-0374,Bulk Row 0374,Required 0374,374,2026-06-12
BULK-0375,Bulk Row 0375,Required 0375,375,2026-06-12
BULK-0376,Bulk Row 0376,Required 0376,376,2026-06-12
BULK-0377,Bulk Row 0377,Required 0377,377,2026-06-12
BULK-0378,Bulk Row 0378,Required 0378,378,2026-06-12
BULK-0379,Bulk Row 0379,Required 0379,379,2026-06-12
BULK-0380,Bulk Row 0380,Required 0380,380,2026-06-12
BULK-0381,Bulk Row 0381,Required 0381,381,2026-06-12
BULK-0382,Bulk Row 0382,Required 0382,382,2026-06-12
BULK-0383,Bulk Row 0383,Required 0383,383,2026-06-12
BULK-0384,Bulk Row 0384,Required 0384,384,2026-06-12
BULK-0385,Bulk Row 0385,Required 0385,385,2026-06-12
BULK-0386,Bulk Row 0386,Required 0386,386,2026-06-12
BULK-0387,Bulk Row 0387,Required 0387,387,2026-06-12
BULK-0388,Bulk Row 0388,Required 0388,388,2026-06-12
BULK-0389,Bulk Row 0389,Required 0389,389,2026-06-12
BULK-0390,Bulk Row 0390,Required 0390,390,2026-06-12
BULK-0391,Bulk Row 0391,Required 0391,391,2026-06-12
BULK-0392,Bulk Row 0392,Required 0392,392,2026-06-12
BULK-0393,Bulk Row 0393,Required 0393,393,2026-06-12
BULK-0394,Bulk Row 0394,Required 0394,394,2026-06-12
BULK-0395,Bulk Row 0395,Required 0395,395,2026-06-12
BULK-0396,Bulk Row 0396,Required 0396,396,2026-06-12
BULK-0397,Bulk Row 0397,Required 0397,397,2026-06-12
BULK-0398,Bulk Row 0398,Required 0398,398,2026-06-12
BULK-0399,Bulk Row 0399,Required 0399,399,2026-06-12
BULK-0400,Bulk Row 0400,Required 0400,400,2026-06-12
BULK-0401,Bulk Row 0401,Required 0401,401,2026-06-12
BULK-0402,Bulk Row 0402,Required 0402,402,2026-06-12
BULK-0403,Bulk Row 0403,Required 0403,403,2026-06-12
BULK-0404,Bulk Row 0404,Required 0404,404,2026-06-12
BULK-0405,Bulk Row 0405,Required 0405,405,2026-06-12
BULK-0406,Bulk Row 0406,Required 0406,406,2026-06-12
BULK-0407,Bulk Row 0407,Required 0407,407,2026-06-12
BULK-0408,Bulk Row 0408,Required 0408,408,2026-06-12
BULK-0409,Bulk Row 0409,Required 0409,409,2026-06-12
BULK-0410,Bulk Row 0410,Required 0410,410,2026-06-12
BULK-0411,Bulk Row 0411,Required 0411,411,2026-06-12
BULK-0412,Bulk Row 0412,Required 0412,412,2026-06-12
BULK-0413,Bulk Row 0413,Required 0413,413,2026-06-12
BULK-0414,Bulk Row 0414,Required 0414,414,2026-06-12
BULK-0415,Bulk Row 0415,Required 0415,415,2026-06-12
BULK-0416,Bulk Row 0416,Required 0416,416,2026-06-12
BULK-0417,Bulk Row 0417,Required 0417,417,2026-06-12
BULK-0418,Bulk Row 0418,Required 0418,418,2026-06-12
BULK-0419,Bulk Row 0419,Required 0419,419,2026-06-12
BULK-0420,Bulk Row 0420,Required 0420,420,2026-06-12
BULK-0421,Bulk Row 0421,Required 0421,421,2026-06-12
BULK-0422,Bulk Row 0422,Required 0422,422,2026-06-12
BULK-0423,Bulk Row 0423,Required 0423,423,2026-06-12
BULK-0424,Bulk Row 0424,Required 0424,424,2026-06-12
BULK-0425,Bulk Row 0425,Required 0425,425,2026-06-12
BULK-0426,Bulk Row 0426,Required 0426,426,2026-06-12
BULK-0427,Bulk Row 0427,Required 0427,427,2026-06-12
BULK-0428,Bulk Row 0428,Required 0428,428,2026-06-12
BULK-0429,Bulk Row 0429,Required 0429,429,2026-06-12
BULK-0430,Bulk Row 0430,Required 0430,430,2026-06-12
BULK-0431,Bulk Row 0431,Required 0431,431,2026-06-12
BULK-0432,Bulk Row 0432,Required 0432,432,2026-06-12
BULK-0433,Bulk Row 0433,Required 0433,433,2026-06-12
BULK-0434,Bulk Row 0434,Required 0434,434,2026-06-12
BULK-0435,Bulk Row 0435,Required 0435,435,2026-06-12
BULK-0436,Bulk Row 0436,Required 0436,436,2026-06-12
BULK-0437,Bulk Row 0437,Required 0437,437,2026-06-12
BULK-0438,Bulk Row 0438,Required 0438,438,2026-06-12
BULK-0439,Bulk Row 0439,Required 0439,439,2026-06-12
BULK-0440,Bulk Row 0440,Required 0440,440,2026-06-12
BULK-0441,Bulk Row 0441,Required 0441,441,2026-06-12
BULK-0442,Bulk Row 0442,Required 0442,442,2026-06-12
BULK-0443,Bulk Row 0443,Required 0443,443,2026-06-12
BULK-0444,Bulk Row 0444,Required 0444,444,2026-06-12
BULK-0445,Bulk Row 0445,Required 0445,445,2026-06-12
BULK-0446,Bulk Row 0446,Required 0446,446,2026-06-12
BULK-0447,Bulk Row 0447,Required 0447,447,2026-06-12
BULK-0448,Bulk Row 0448,Required 0448,448,2026-06-12
BULK-0449,Bulk Row 0449,Required 0449,449,2026-06-12
BULK-0450,Bulk Row 0450,Required 0450,450,2026-06-12
BULK-0451,Bulk Row 0451,Required 0451,451,2026-06-12
BULK-0452,Bulk Row 0452,Required 0452,452,2026-06-12
BULK-0453,Bulk Row 0453,Required 0453,453,2026-06-12
BULK-0454,Bulk Row 0454,Required 0454,454,2026-06-12
BULK-0455,Bulk Row 0455,Required 0455,455,2026-06-12
BULK-0456,Bulk Row 0456,Required 0456,456,2026-06-12
BULK-0457,Bulk Row 0457,Required 0457,457,2026-06-12
BULK-0458,Bulk Row 0458,Required 0458,458,2026-06-12
BULK-0459,Bulk Row 0459,Required 0459,459,2026-06-12
BULK-0460,Bulk Row 0460,Required 0460,460,2026-06-12
BULK-0461,Bulk Row 0461,Required 0461,461,2026-06-12
BULK-0462,Bulk Row 0462,Required 0462,462,2026-06-12
BULK-0463,Bulk Row 0463,Required 0463,463,2026-06-12
BULK-0464,Bulk Row 0464,Required 0464,464,2026-06-12
BULK-0465,Bulk Row 0465,Required 0465,465,2026-06-12
BULK-0466,Bulk Row 0466,Required 0466,466,2026-06-12
BULK-0467,Bulk Row 0467,Required 0467,467,2026-06-12
BULK-0468,Bulk Row 0468,Required 0468,468,2026-06-12
BULK-0469,Bulk Row 0469,Required 0469,469,2026-06-12
BULK-0470,Bulk Row 0470,Required 0470,470,2026-06-12
BULK-0471,Bulk Row 0471,Required 0471,471,2026-06-12
BULK-0472,Bulk Row 0472,Required 0472,472,2026-06-12
BULK-0473,Bulk Row 0473,Required 0473,473,2026-06-12
BULK-0474,Bulk Row 0474,Required 0474,474,2026-06-12
BULK-0475,Bulk Row 0475,Required 0475,475,2026-06-12
BULK-0476,Bulk Row 0476,Required 0476,476,2026-06-12
BULK-0477,Bulk Row 0477,Required 0477,477,2026-06-12
BULK-0478,Bulk Row 0478,Required 0478,478,2026-06-12
BULK-0479,Bulk Row 0479,Required 0479,479,2026-06-12
BULK-0480,Bulk Row 0480,Required 0480,480,2026-06-12
BULK-0481,Bulk Row 0481,Required 0481,481,2026-06-12
BULK-0482,Bulk Row 0482,Required 0482,482,2026-06-12
BULK-0483,Bulk Row 0483,Required 0483,483,2026-06-12
BULK-0484,Bulk Row 0484,Required 0484,484,2026-06-12
BULK-0485,Bulk Row 0485,Required 0485,485,2026-06-12
BULK-0486,Bulk Row 0486,Required 0486,486,2026-06-12
BULK-0487,Bulk Row 0487,Required 0487,487,2026-06-12
BULK-0488,Bulk Row 0488,Required 0488,488,2026-06-12
BULK-0489,Bulk Row 0489,Required 0489,489,2026-06-12
BULK-0490,Bulk Row 0490,Required 0490,490,2026-06-12
BULK-0491,Bulk Row 0491,Required 0491,491,2026-06-12
BULK-0492,Bulk Row 0492,Required 0492,492,2026-06-12
BULK-0493,Bulk Row 0493,Required 0493,493,2026-06-12
BULK-0494,Bulk Row 0494,Required 0494,494,2026-06-12
BULK-0495,Bulk Row 0495,Required 0495,495,2026-06-12
BULK-0496,Bulk Row 0496,Required 0496,496,2026-06-12
BULK-0497,Bulk Row 0497,Required 0497,497,2026-06-12
BULK-0498,Bulk Row 0498,Required 0498,498,2026-06-12
BULK-0499,Bulk Row 0499,Required 0499,499,2026-06-12
BULK-0500,Bulk Row 0500,Required 0500,500,2026-06-12
BULK-0501,Bulk Row 0501,Required 0501,501,2026-06-12
BULK-0502,Bulk Row 0502,Required 0502,502,2026-06-12
BULK-0503,Bulk Row 0503,Required 0503,503,2026-06-12
BULK-0504,Bulk Row 0504,Required 0504,504,2026-06-12
BULK-0505,Bulk Row 0505,Required 0505,505,2026-06-12
BULK-0506,Bulk Row 0506,Required 0506,506,2026-06-12
BULK-0507,Bulk Row 0507,Required 0507,507,2026-06-12
BULK-0508,Bulk Row 0508,Required 0508,508,2026-06-12
BULK-0509,Bulk Row 0509,Required 0509,509,2026-06-12
BULK-0510,Bulk Row 0510,Required 0510,510,2026-06-12
BULK-0511,Bulk Row 0511,Required 0511,511,2026-06-12
BULK-0512,Bulk Row 0512,Required 0512,512,2026-06-12
BULK-0513,Bulk Row 0513,Required 0513,513,2026-06-12
BULK-0514,Bulk Row 0514,Required 0514,514,2026-06-12
BULK-0515,Bulk Row 0515,Required 0515,515,2026-06-12
BULK-0516,Bulk Row 0516,Required 0516,516,2026-06-12
BULK-0517,Bulk Row 0517,Required 0517,517,2026-06-12
BULK-0518,Bulk Row 0518,Required 0518,518,2026-06-12
BULK-0519,Bulk Row 0519,Required 0519,519,2026-06-12
BULK-0520,Bulk Row 0520,Required 0520,520,2026-06-12
BULK-0521,Bulk Row 0521,Required 0521,521,2026-06-12
BULK-0522,Bulk Row 0522,Required 0522,522,2026-06-12
BULK-0523,Bulk Row 0523,Required 0523,523,2026-06-12
BULK-0524,Bulk Row 0524,Required 0524,524,2026-06-12
BULK-0525,Bulk Row 0525,Required 0525,525,2026-06-12
BULK-0526,Bulk Row 0526,Required 0526,526,2026-06-12
BULK-0527,Bulk Row 0527,Required 0527,527,2026-06-12
BULK-0528,Bulk Row 0528,Required 0528,528,2026-06-12
BULK-0529,Bulk Row 0529,Required 0529,529,2026-06-12
BULK-0530,Bulk Row 0530,Required 0530,530,2026-06-12
BULK-0531,Bulk Row 0531,Required 0531,531,2026-06-12
BULK-0532,Bulk Row 0532,Required 0532,532,2026-06-12
BULK-0533,Bulk Row 0533,Required 0533,533,2026-06-12
BULK-0534,Bulk Row 0534,Required 0534,534,2026-06-12
BULK-0535,Bulk Row 0535,Required 0535,535,2026-06-12
BULK-0536,Bulk Row 0536,Required 0536,536,2026-06-12
BULK-0537,Bulk Row 0537,Required 0537,537,2026-06-12
BULK-0538,Bulk Row 0538,Required 0538,538,2026-06-12
BULK-0539,Bulk Row 0539,Required 0539,539,2026-06-12
BULK-0540,Bulk Row 0540,Required 0540,540,2026-06-12
BULK-0541,Bulk Row 0541,Required 0541,541,2026-06-12
BULK-0542,Bulk Row 0542,Required 0542,542,2026-06-12
BULK-0543,Bulk Row 0543,Required 0543,543,2026-06-12
BULK-0544,Bulk Row 0544,Required 0544,544,2026-06-12
BULK-0545,Bulk Row 0545,Required 0545,545,2026-06-12
BULK-0546,Bulk Row 0546,Required 0546,546,2026-06-12
BULK-0547,Bulk Row 0547,Required 0547,547,2026-06-12
BULK-0548,Bulk Row 0548,Required 0548,548,2026-06-12
BULK-0549,Bulk Row 0549,Required 0549,549,2026-06-12
BULK-0550,Bulk Row 0550,Required 0550,550,2026-06-12
BULK-0551,Bulk Row 0551,Required 0551,551,2026-06-12
BULK-0552,Bulk Row 0552,Required 0552,552,2026-06-12
BULK-0553,Bulk Row 0553,Required 0553,553,2026-06-12
BULK-0554,Bulk Row 0554,Required 0554,554,2026-06-12
BULK-0555,Bulk Row 0555,Required 0555,555,2026-06-12
BULK-0556,Bulk Row 0556,Required 0556,556,2026-06-12
BULK-0557,Bulk Row 0557,Required 0557,557,2026-06-12
BULK-0558,Bulk Row 0558,Required 0558,558,2026-06-12
BULK-0559,Bulk Row 0559,Required 0559,559,2026-06-12
BULK-0560,Bulk Row 0560,Required 0560,560,2026-06-12
BULK-0561,Bulk Row 0561,Required 0561,561,2026-06-12
BULK-0562,Bulk Row 0562,Required 0562,562,2026-06-12
BULK-0563,Bulk Row 0563,Required 0563,563,2026-06-12
BULK-0564,Bulk Row 0564,Required 0564,564,2026-06-12
BULK-0565,Bulk Row 0565,Required 0565,565,2026-06-12
BULK-0566,Bulk Row 0566,Required 0566,566,2026-06-12
BULK-0567,Bulk Row 0567,Required 0567,567,2026-06-12
BULK-0568,Bulk Row 0568,Required 0568,568,2026-06-12
BULK-0569,Bulk Row 0569,Required 0569,569,2026-06-12
BULK-0570,Bulk Row 0570,Required 0570,570,2026-06-12
BULK-0571,Bulk Row 0571,Required 0571,571,2026-06-12
BULK-0572,Bulk Row 0572,Required 0572,572,2026-06-12
BULK-0573,Bulk Row 0573,Required 0573,573,2026-06-12
BULK-0574,Bulk Row 0574,Required 0574,574,2026-06-12
BULK-0575,Bulk Row 0575,Required 0575,575,2026-06-12
BULK-0576,Bulk Row 0576,Required 0576,576,2026-06-12
BULK-0577,Bulk Row 0577,Required 0577,577,2026-06-12
BULK-0578,Bulk Row 0578,Required 0578,578,2026-06-12
BULK-0579,Bulk Row 0579,Required 0579,579,2026-06-12
BULK-0580,Bulk Row 0580,Required 0580,580,2026-06-12
BULK-0581,Bulk Row 0581,Required 0581,581,2026-06-12
BULK-0582,Bulk Row 0582,Required 0582,582,2026-06-12
BULK-0583,Bulk Row 0583,Required 0583,583,2026-06-12
BULK-0584,Bulk Row 0584,Required 0584,584,2026-06-12
BULK-0585,Bulk Row 0585,Required 0585,585,2026-06-12
BULK-0586,Bulk Row 0586,Required 0586,586,2026-06-12
BULK-0587,Bulk Row 0587,Required 0587,587,2026-06-12
BULK-0588,Bulk Row 0588,Required 0588,588,2026-06-12
BULK-0589,Bulk Row 0589,Required 0589,589,2026-06-12
BULK-0590,Bulk Row 0590,Required 0590,590,2026-06-12
BULK-0591,Bulk Row 0591,Required 0591,591,2026-06-12
BULK-0592,Bulk Row 0592,Required 0592,592,2026-06-12
BULK-0593,Bulk Row 0593,Required 0593,593,2026-06-12
BULK-0594,Bulk Row 0594,Required 0594,594,2026-06-12
BULK-0595,Bulk Row 0595,Required 0595,595,2026-06-12
BULK-0596,Bulk Row 0596,Required 0596,596,2026-06-12
BULK-0597,Bulk Row 0597,Required 0597,597,2026-06-12
BULK-0598,Bulk Row 0598,Required 0598,598,2026-06-12
BULK-0599,Bulk Row 0599,Required 0599,599,2026-06-12
BULK-0600,Bulk Row 0600,Required 0600,600,2026-06-12
BULK-0601,Bulk Row 0601,Required 0601,601,2026-06-12
BULK-0602,Bulk Row 0602,Required 0602,602,2026-06-12
BULK-0603,Bulk Row 0603,Required 0603,603,2026-06-12
BULK-0604,Bulk Row 0604,Required 0604,604,2026-06-12
BULK-0605,Bulk Row 0605,Required 0605,605,2026-06-12
BULK-0606,Bulk Row 0606,Required 0606,606,2026-06-12
BULK-0607,Bulk Row 0607,Required 0607,607,2026-06-12
BULK-0608,Bulk Row 0608,Required 0608,608,2026-06-12
BULK-0609,Bulk Row 0609,Required 0609,609,2026-06-12
BULK-0610,Bulk Row 0610,Required 0610,610,2026-06-12
BULK-0611,Bulk Row 0611,Required 0611,611,2026-06-12
BULK-0612,Bulk Row 0612,Required 0612,612,2026-06-12
BULK-0613,Bulk Row 0613,Required 0613,613,2026-06-12
BULK-0614,Bulk Row 0614,Required 0614,614,2026-06-12
BULK-0615,Bulk Row 0615,Required 0615,615,2026-06-12
BULK-0616,Bulk Row 0616,Required 0616,616,2026-06-12
BULK-0617,Bulk Row 0617,Required 0617,617,2026-06-12
BULK-0618,Bulk Row 0618,Required 0618,618,2026-06-12
BULK-0619,Bulk Row 0619,Required 0619,619,2026-06-12
BULK-0620,Bulk Row 0620,Required 0620,620,2026-06-12
BULK-0621,Bulk Row 0621,Required 0621,621,2026-06-12
BULK-0622,Bulk Row 0622,Required 0622,622,2026-06-12
BULK-0623,Bulk Row 0623,Required 0623,623,2026-06-12
BULK-0624,Bulk Row 0624,Required 0624,624,2026-06-12
BULK-0625,Bulk Row 0625,Required 0625,625,2026-06-12
BULK-0626,Bulk Row 0626,Required 0626,626,2026-06-12
BULK-0627,Bulk Row 0627,Required 0627,627,2026-06-12
BULK-0628,Bulk Row 0628,Required 0628,628,2026-06-12
BULK-0629,Bulk Row 0629,Required 0629,629,2026-06-12
BULK-0630,Bulk Row 0630,Required 0630,630,2026-06-12
BULK-0631,Bulk Row 0631,Required 0631,631,2026-06-12
BULK-0632,Bulk Row 0632,Required 0632,632,2026-06-12
BULK-0633,Bulk Row 0633,Required 0633,633,2026-06-12
BULK-0634,Bulk Row 0634,Required 0634,634,2026-06-12
BULK-0635,Bulk Row 0635,Required 0635,635,2026-06-12
BULK-0636,Bulk Row 0636,Required 0636,636,2026-06-12
BULK-0637,Bulk Row 0637,Required 0637,637,2026-06-12
BULK-0638,Bulk Row 0638,Required 0638,638,2026-06-12
BULK-0639,Bulk Row 0639,Required 0639,639,2026-06-12
BULK-0640,Bulk Row 0640,Required 0640,640,2026-06-12
BULK-0641,Bulk Row 0641,Required 0641,641,2026-06-12
BULK-0642,Bulk Row 0642,Required 0642,642,2026-06-12
BULK-0643,Bulk Row 0643,Required 0643,643,2026-06-12
BULK-0644,Bulk Row 0644,Required 0644,644,2026-06-12
BULK-0645,Bulk Row 0645,Required 0645,645,2026-06-12
BULK-0646,Bulk Row 0646,Required 0646,646,2026-06-12
BULK-0647,Bulk Row 0647,Required 0647,647,2026-06-12
BULK-0648,Bulk Row 0648,Required 0648,648,2026-06-12
BULK-0649,Bulk Row 0649,Required 0649,649,2026-06-12
BULK-0650,Bulk Row 0650,Required 0650,650,2026-06-12
BULK-0651,Bulk Row 0651,Required 0651,651,2026-06-12
BULK-0652,Bulk Row 0652,Required 0652,652,2026-06-12
BULK-0653,Bulk Row 0653,Required 0653,653,2026-06-12
BULK-0654,Bulk Row 0654,Required 0654,654,2026-06-12
BULK-0655,Bulk Row 0655,Required 0655,655,2026-06-12
BULK-0656,Bulk Row 0656,Required 0656,656,2026-06-12
BULK-0657,Bulk Row 0657,Required 0657,657,2026-06-12
BULK-0658,Bulk Row 0658,Required 0658,658,2026-06-12
BULK-0659,Bulk Row 0659,Required 0659,659,2026-06-12
BULK-0660,Bulk Row 0660,Required 0660,660,2026-06-12
BULK-0661,Bulk Row 0661,Required 0661,661,2026-06-12
BULK-0662,Bulk Row 0662,Required 0662,662,2026-06-12
BULK-0663,Bulk Row 0663,Required 0663,663,2026-06-12
BULK-0664,Bulk Row 0664,Required 0664,664,2026-06-12
BULK-0665,Bulk Row 0665,Required 0665,665,2026-06-12
BULK-0666,Bulk Row 0666,Required 0666,666,2026-06-12
BULK-0667,Bulk Row 0667,Required 0667,667,2026-06-12
BULK-0668,Bulk Row 0668,Required 0668,668,2026-06-12
BULK-0669,Bulk Row 0669,Required 0669,669,2026-06-12
BULK-0670,Bulk Row 0670,Required 0670,670,2026-06-12
BULK-0671,Bulk Row 0671,Required 0671,671,2026-06-12
BULK-0672,Bulk Row 0672,Required 0672,672,2026-06-12
BULK-0673,Bulk Row 0673,Required 0673,673,2026-06-12
BULK-0674,Bulk Row 0674,Required 0674,674,2026-06-12
BULK-0675,Bulk Row 0675,Required 0675,675,2026-06-12
BULK-0676,Bulk Row 0676,Required 0676,676,2026-06-12
BULK-0677,Bulk Row 0677,Required 0677,677,2026-06-12
BULK-0678,Bulk Row 0678,Required 0678,678,2026-06-12
BULK-0679,Bulk Row 0679,Required 0679,679,2026-06-12
BULK-0680,Bulk Row 0680,Required 0680,680,2026-06-12
BULK-0681,Bulk Row 0681,Required 0681,681,2026-06-12
BULK-0682,Bulk Row 0682,Required 0682,682,2026-06-12
BULK-0683,Bulk Row 0683,Required 0683,683,2026-06-12
BULK-0684,Bulk Row 0684,Required 0684,684,2026-06-12
BULK-0685,Bulk Row 0685,Required 0685,685,2026-06-12
BULK-0686,Bulk Row 0686,Required 0686,686,2026-06-12
BULK-0687,Bulk Row 0687,Required 0687,687,2026-06-12
BULK-0688,Bulk Row 0688,Required 0688,688,2026-06-12
BULK-0689,Bulk Row 0689,Required 0689,689,2026-06-12
BULK-0690,Bulk Row 0690,Required 0690,690,2026-06-12
BULK-0691,Bulk Row 0691,Required 0691,691,2026-06-12
BULK-0692,Bulk Row 0692,Required 0692,692,2026-06-12
BULK-0693,Bulk Row 0693,Required 0693,693,2026-06-12
BULK-0694,Bulk Row 0694,Required 0694,694,2026-06-12
BULK-0695,Bulk Row 0695,Required 0695,695,2026-06-12
BULK-0696,Bulk Row 0696,Required 0696,696,2026-06-12
BULK-0697,Bulk Row 0697,Required 0697,697,2026-06-12
BULK-0698,Bulk Row 0698,Required 0698,698,2026-06-12
BULK-0699,Bulk Row 0699,Required 0699,699,2026-06-12
BULK-0700,Bulk Row 0700,Required 0700,700,2026-06-12
BULK-0701,Bulk Row 0701,Required 0701,701,2026-06-12
BULK-0702,Bulk Row 0702,Required 0702,702,2026-06-12
BULK-0703,Bulk Row 0703,Required 0703,703,2026-06-12
BULK-0704,Bulk Row 0704,Required 0704,704,2026-06-12
BULK-0705,Bulk Row 0705,Required 0705,705,2026-06-12
BULK-0706,Bulk Row 0706,Required 0706,706,2026-06-12
BULK-0707,Bulk Row 0707,Required 0707,707,2026-06-12
BULK-0708,Bulk Row 0708,Required 0708,708,2026-06-12
BULK-0709,Bulk Row 0709,Required 0709,709,2026-06-12
BULK-0710,Bulk Row 0710,Required 0710,710,2026-06-12
BULK-0711,Bulk Row 0711,Required 0711,711,2026-06-12
BULK-0712,Bulk Row 0712,Required 0712,712,2026-06-12
BULK-0713,Bulk Row 0713,Required 0713,713,2026-06-12
BULK-0714,Bulk Row 0714,Required 0714,714,2026-06-12
BULK-0715,Bulk Row 0715,Required 0715,715,2026-06-12
BULK-0716,Bulk Row 0716,Required 0716,716,2026-06-12
BULK-0717,Bulk Row 0717,Required 0717,717,2026-06-12
BULK-0718,Bulk Row 0718,Required 0718,718,2026-06-12
BULK-0719,Bulk Row 0719,Required 0719,719,2026-06-12
BULK-0720,Bulk Row 0720,Required 0720,720,2026-06-12
BULK-0721,Bulk Row 0721,Required 0721,721,2026-06-12
BULK-0722,Bulk Row 0722,Required 0722,722,2026-06-12
BULK-0723,Bulk Row 0723,Required 0723,723,2026-06-12
BULK-0724,Bulk Row 0724,Required 0724,724,2026-06-12
BULK-0725,Bulk Row 0725,Required 0725,725,2026-06-12
BULK-0726,Bulk Row 0726,Required 0726,726,2026-06-12
BULK-0727,Bulk Row 0727,Required 0727,727,2026-06-12
BULK-0728,Bulk Row 0728,Required 0728,728,2026-06-12
BULK-0729,Bulk Row 0729,Required 0729,729,2026-06-12
BULK-0730,Bulk Row 0730,Required 0730,730,2026-06-12
BULK-0731,Bulk Row 0731,Required 0731,731,2026-06-12
BULK-0732,Bulk Row 0732,Required 0732,732,2026-06-12
BULK-0733,Bulk Row 0733,Required 0733,733,2026-06-12
BULK-0734,Bulk Row 0734,Required 0734,734,2026-06-12
BULK-0735,Bulk Row 0735,Required 0735,735,2026-06-12
BULK-0736,Bulk Row 0736,Required 0736,736,2026-06-12
BULK-0737,Bulk Row 0737,Required 0737,737,2026-06-12
BULK-0738,Bulk Row 0738,Required 0738,738,2026-06-12
BULK-0739,Bulk Row 0739,Required 0739,739,2026-06-12
BULK-0740,Bulk Row 0740,Required 0740,740,2026-06-12
BULK-0741,Bulk Row 0741,Required 0741,741,2026-06-12
BULK-0742,Bulk Row 0742,Required 0742,742,2026-06-12
BULK-0743,Bulk Row 0743,Required 0743,743,2026-06-12
BULK-0744,Bulk Row 0744,Required 0744,744,2026-06-12
BULK-0745,Bulk Row 0745,Required 0745,745,2026-06-12
BULK-0746,Bulk Row 0746,Required 0746,746,2026-06-12
BULK-0747,Bulk Row 0747,Required 0747,747,2026-06-12
BULK-0748,Bulk Row 0748,Required 0748,748,2026-06-12
BULK-0749,Bulk Row 0749,Required 0749,749,2026-06-12
BULK-0750,Bulk Row 0750,Required 0750,750,2026-06-12
BULK-0751,Bulk Row 0751,Required 0751,751,2026-06-12
BULK-0752,Bulk Row 0752,Required 0752,752,2026-06-12
BULK-0753,Bulk Row 0753,Required 0753,753,2026-06-12
BULK-0754,Bulk Row 0754,Required 0754,754,2026-06-12
BULK-0755,Bulk Row 0755,Required 0755,755,2026-06-12
BULK-0756,Bulk Row 0756,Required 0756,756,2026-06-12
BULK-0757,Bulk Row 0757,Required 0757,757,2026-06-12
BULK-0758,Bulk Row 0758,Required 0758,758,2026-06-12
BULK-0759,Bulk Row 0759,Required 0759,759,2026-06-12
BULK-0760,Bulk Row 0760,Required 0760,760,2026-06-12
BULK-0761,Bulk Row 0761,Required 0761,761,2026-06-12
BULK-0762,Bulk Row 0762,Required 0762,762,2026-06-12
BULK-0763,Bulk Row 0763,Required 0763,763,2026-06-12
BULK-0764,Bulk Row 0764,Required 0764,764,2026-06-12
BULK-0765,Bulk Row 0765,Required 0765,765,2026-06-12
BULK-0766,Bulk Row 0766,Required 0766,766,2026-06-12
BULK-0767,Bulk Row 0767,Required 0767,767,2026-06-12
BULK-0768,Bulk Row 0768,Required 0768,768,2026-06-12
BULK-0769,Bulk Row 0769,Required 0769,769,2026-06-12
BULK-0770,Bulk Row 0770,Required 0770,770,2026-06-12
BULK-0771,Bulk Row 0771,Required 0771,771,2026-06-12
BULK-0772,Bulk Row 0772,Required 0772,772,2026-06-12
BULK-0773,Bulk Row 0773,Required 0773,773,2026-06-12
BULK-0774,Bulk Row 0774,Required 0774,774,2026-06-12
BULK-0775,Bulk Row 0775,Required 0775,775,2026-06-12
BULK-0776,Bulk Row 0776,Required 0776,776,2026-06-12
BULK-0777,Bulk Row 0777,Required 0777,777,2026-06-12
BULK-0778,Bulk Row 0778,Required 0778,778,2026-06-12
BULK-0779,Bulk Row 0779,Required 0779,779,2026-06-12
BULK-0780,Bulk Row 0780,Required 0780,780,2026-06-12
BULK-0781,Bulk Row 0781,Required 0781,781,2026-06-12
BULK-0782,Bulk Row 0782,Required 0782,782,2026-06-12
BULK-0783,Bulk Row 0783,Required 0783,783,2026-06-12
BULK-0784,Bulk Row 0784,Required 0784,784,2026-06-12
BULK-0785,Bulk Row 0785,Required 0785,785,2026-06-12
BULK-0786,Bulk Row 0786,Required 0786,786,2026-06-12
BULK-0787,Bulk Row 0787,Required 0787,787,2026-06-12
BULK-0788,Bulk Row 0788,Required 0788,788,2026-06-12
BULK-0789,Bulk Row 0789,Required 0789,789,2026-06-12
BULK-0790,Bulk Row 0790,Required 0790,790,2026-06-12
BULK-0791,Bulk Row 0791,Required 0791,791,2026-06-12
BULK-0792,Bulk Row 0792,Required 0792,792,2026-06-12
BULK-0793,Bulk Row 0793,Required 0793,793,2026-06-12
BULK-0794,Bulk Row 0794,Required 0794,794,2026-06-12
BULK-0795,Bulk Row 0795,Required 0795,795,2026-06-12
BULK-0796,Bulk Row 0796,Required 0796,796,2026-06-12
BULK-0797,Bulk Row 0797,Required 0797,797,2026-06-12
BULK-0798,Bulk Row 0798,Required 0798,798,2026-06-12
BULK-0799,Bulk Row 0799,Required 0799,799,2026-06-12
BULK-0800,Bulk Row 0800,Required 0800,800,2026-06-12
BULK-0801,Bulk Row 0801,Required 0801,801,2026-06-12
BULK-0802,Bulk Row 0802,Required 0802,802,2026-06-12
BULK-0803,Bulk Row 0803,Required 0803,803,2026-06-12
BULK-0804,Bulk Row 0804,Required 0804,804,2026-06-12
BULK-0805,Bulk Row 0805,Required 0805,805,2026-06-12
BULK-0806,Bulk Row 0806,Required 0806,806,2026-06-12
BULK-0807,Bulk Row 0807,Required 0807,807,2026-06-12
BULK-0808,Bulk Row 0808,Required 0808,808,2026-06-12
BULK-0809,Bulk Row 0809,Required 0809,809,2026-06-12
BULK-0810,Bulk Row 0810,Required 0810,810,2026-06-12
BULK-0811,Bulk Row 0811,Required 0811,811,2026-06-12
BULK-0812,Bulk Row 0812,Required 0812,812,2026-06-12
BULK-0813,Bulk Row 0813,Required 0813,813,2026-06-12
BULK-0814,Bulk Row 0814,Required 0814,814,2026-06-12
BULK-0815,Bulk Row 0815,Required 0815,815,2026-06-12
BULK-0816,Bulk Row 0816,Required 0816,816,2026-06-12
BULK-0817,Bulk Row 0817,Required 0817,817,2026-06-12
BULK-0818,Bulk Row 0818,Required 0818,818,2026-06-12
BULK-0819,Bulk Row 0819,Required 0819,819,2026-06-12
BULK-0820,Bulk Row 0820,Required 0820,820,2026-06-12
BULK-0821,Bulk Row 0821,Required 0821,821,2026-06-12
BULK-0822,Bulk Row 0822,Required 0822,822,2026-06-12
BULK-0823,Bulk Row 0823,Required 0823,823,2026-06-12
BULK-0824,Bulk Row 0824,Required 0824,824,2026-06-12
BULK-0825,Bulk Row 0825,Required 0825,825,2026-06-12
BULK-0826,Bulk Row 0826,Required 0826,826,2026-06-12
BULK-0827,Bulk Row 0827,Required 0827,827,2026-06-12
BULK-0828,Bulk Row 0828,Required 0828,828,2026-06-12
BULK-0829,Bulk Row 0829,Required 0829,829,2026-06-12
BULK-0830,Bulk Row 0830,Required 0830,830,2026-06-12
BULK-0831,Bulk Row 0831,Required 0831,831,2026-06-12
BULK-0832,Bulk Row 0832,Required 0832,832,2026-06-12
BULK-0833,Bulk Row 0833,Required 0833,833,2026-06-12
BULK-0834,Bulk Row 0834,Required 0834,834,2026-06-12
BULK-0835,Bulk Row 0835,Required 0835,835,2026-06-12
BULK-0836,Bulk Row 0836,Required 0836,836,2026-06-12
BULK-0837,Bulk Row 0837,Required 0837,837,2026-06-12
BULK-0838,Bulk Row 0838,Required 0838,838,2026-06-12
BULK-0839,Bulk Row 0839,Required 0839,839,2026-06-12
BULK-0840,Bulk Row 0840,Required 0840,840,2026-06-12
BULK-0841,Bulk Row 0841,Required 0841,841,2026-06-12
BULK-0842,Bulk Row 0842,Required 0842,842,2026-06-12
BULK-0843,Bulk Row 0843,Required 0843,843,2026-06-12
BULK-0844,Bulk Row 0844,Required 0844,844,2026-06-12
BULK-0845,Bulk Row 0845,Required 0845,845,2026-06-12
BULK-0846,Bulk Row 0846,Required 0846,846,2026-06-12
BULK-0847,Bulk Row 0847,Required 0847,847,2026-06-12
BULK-0848,Bulk Row 0848,Required 0848,848,2026-06-12
BULK-0849,Bulk Row 0849,Required 0849,849,2026-06-12
BULK-0850,Bulk Row 0850,Required 0850,850,2026-06-12
BULK-0851,Bulk Row 0851,Required 0851,851,2026-06-12
BULK-0852,Bulk Row 0852,Required 0852,852,2026-06-12
BULK-0853,Bulk Row 0853,Required 0853,853,2026-06-12
BULK-0854,Bulk Row 0854,Required 0854,854,2026-06-12
BULK-0855,Bulk Row 0855,Required 0855,855,2026-06-12
BULK-0856,Bulk Row 0856,Required 0856,856,2026-06-12
BULK-0857,Bulk Row 0857,Required 0857,857,2026-06-12
BULK-0858,Bulk Row 0858,Required 0858,858,2026-06-12
BULK-0859,Bulk Row 0859,Required 0859,859,2026-06-12
BULK-0860,Bulk Row 0860,Required 0860,860,2026-06-12
BULK-0861,Bulk Row 0861,Required 0861,861,2026-06-12
BULK-0862,Bulk Row 0862,Required 0862,862,2026-06-12
BULK-0863,Bulk Row 0863,Required 0863,863,2026-06-12
BULK-0864,Bulk Row 0864,Required 0864,864,2026-06-12
BULK-0865,Bulk Row 0865,Required 0865,865,2026-06-12
BULK-0866,Bulk Row 0866,Required 0866,866,2026-06-12
BULK-0867,Bulk Row 0867,Required 0867,867,2026-06-12
BULK-0868,Bulk Row 0868,Required 0868,868,2026-06-12
BULK-0869,Bulk Row 0869,Required 0869,869,2026-06-12
BULK-0870,Bulk Row 0870,Required 0870,870,2026-06-12
BULK-0871,Bulk Row 0871,Required 0871,871,2026-06-12
BULK-0872,Bulk Row 0872,Required 0872,872,2026-06-12
BULK-0873,Bulk Row 0873,Required 0873,873,2026-06-12
BULK-0874,Bulk Row 0874,Required 0874,874,2026-06-12
BULK-0875,Bulk Row 0875,Required 0875,875,2026-06-12
BULK-0876,Bulk Row 0876,Required 0876,876,2026-06-12
BULK-0877,Bulk Row 0877,Required 0877,877,2026-06-12
BULK-0878,Bulk Row 0878,Required 0878,878,2026-06-12
BULK-0879,Bulk Row 0879,Required 0879,879,2026-06-12
BULK-0880,Bulk Row 0880,Required 0880,880,2026-06-12
BULK-0881,Bulk Row 0881,Required 0881,881,2026-06-12
BULK-0882,Bulk Row 0882,Required 0882,882,2026-06-12
BULK-0883,Bulk Row 0883,Required 0883,883,2026-06-12
BULK-0884,Bulk Row 0884,Required 0884,884,2026-06-12
BULK-0885,Bulk Row 0885,Required 0885,885,2026-06-12
BULK-0886,Bulk Row 0886,Required 0886,886,2026-06-12
BULK-0887,Bulk Row 0887,Required 0887,887,2026-06-12
BULK-0888,Bulk Row 0888,Required 0888,888,2026-06-12
BULK-0889,Bulk Row 0889,Required 0889,889,2026-06-12
BULK-0890,Bulk Row 0890,Required 0890,890,2026-06-12
BULK-0891,Bulk Row 0891,Required 0891,891,2026-06-12
BULK-0892,Bulk Row 0892,Required 0892,892,2026-06-12
BULK-0893,Bulk Row 0893,Required 0893,893,2026-06-12
BULK-0894,Bulk Row 0894,Required 0894,894,2026-06-12
BULK-0895,Bulk Row 0895,Required 0895,895,2026-06-12
BULK-0896,Bulk Row 0896,Required 0896,896,2026-06-12
BULK-0897,Bulk Row 0897,Required 0897,897,2026-06-12
BULK-0898,Bulk Row 0898,Required 0898,898,2026-06-12
BULK-0899,Bulk Row 0899,Required 0899,899,2026-06-12
BULK-0900,Bulk Row 0900,Required 0900,900,2026-06-12
BULK-0901,Bulk Row 0901,Required 0901,901,2026-06-12
BULK-0902,Bulk Row 0902,Required 0902,902,2026-06-12
BULK-0903,Bulk Row 0903,Required 0903,903,2026-06-12
BULK-0904,Bulk Row 0904,Required 0904,904,2026-06-12
BULK-0905,Bulk Row 0905,Required 0905,905,2026-06-12
BULK-0906,Bulk Row 0906,Required 0906,906,2026-06-12
BULK-0907,Bulk Row 0907,Required 0907,907,2026-06-12
BULK-0908,Bulk Row 0908,Required 0908,908,2026-06-12
BULK-0909,Bulk Row 0909,Required 0909,909,2026-06-12
BULK-0910,Bulk Row 0910,Required 0910,910,2026-06-12
BULK-0911,Bulk Row 0911,Required 0911,911,2026-06-12
BULK-0912,Bulk Row 0912,Required 0912,912,2026-06-12
BULK-0913,Bulk Row 0913,Required 0913,913,2026-06-12
BULK-0914,Bulk Row 0914,Required 0914,914,2026-06-12
BULK-0915,Bulk Row 0915,Required 0915,915,2026-06-12
BULK-0916,Bulk Row 0916,Required 0916,916,2026-06-12
BULK-0917,Bulk Row 0917,Required 0917,917,2026-06-12
BULK-0918,Bulk Row 0918,Required 0918,918,2026-06-12
BULK-0919,Bulk Row 0919,Required 0919,919,2026-06-12
BULK-0920,Bulk Row 0920,Required 0920,920,2026-06-12
BULK-0921,Bulk Row 0921,Required 0921,921,2026-06-12
BULK-0922,Bulk Row 0922,Required 0922,922,2026-06-12
BULK-0923,Bulk Row 0923,Required 0923,923,2026-06-12
BULK-0924,Bulk Row 0924,Required 0924,924,2026-06-12
BULK-0925,Bulk Row 0925,Required 0925,925,2026-06-12
BULK-0926,Bulk Row 0926,Required 0926,926,2026-06-12
BULK-0927,Bulk Row 0927,Required 0927,927,2026-06-12
BULK-0928,Bulk Row 0928,Required 0928,928,2026-06-12
BULK-0929,Bulk Row 0929,Required 0929,929,2026-06-12
BULK-0930,Bulk Row 0930,Required 0930,930,2026-06-12
BULK-0931,Bulk Row 0931,Required 0931,931,2026-06-12
BULK-0932,Bulk Row 0932,Required 0932,932,2026-06-12
BULK-0933,Bulk Row 0933,Required 0933,933,2026-06-12
BULK-0934,Bulk Row 0934,Required 0934,934,2026-06-12
BULK-0935,Bulk Row 0935,Required 0935,935,2026-06-12
BULK-0936,Bulk Row 0936,Required 0936,936,2026-06-12
BULK-0937,Bulk Row 0937,Required 0937,937,2026-06-12
BULK-0938,Bulk Row 0938,Required 0938,938,2026-06-12
BULK-0939,Bulk Row 0939,Required 0939,939,2026-06-12
BULK-0940,Bulk Row 0940,Required 0940,940,2026-06-12
BULK-0941,Bulk Row 0941,Required 0941,941,2026-06-12
BULK-0942,Bulk Row 0942,Required 0942,942,2026-06-12
BULK-0943,Bulk Row 0943,Required 0943,943,2026-06-12
BULK-0944,Bulk Row 0944,Required 0944,944,2026-06-12
BULK-0945,Bulk Row 0945,Required 0945,945,2026-06-12
BULK-0946,Bulk Row 0946,Required 0946,946,2026-06-12
BULK-0947,Bulk Row 0947,Required 0947,947,2026-06-12
BULK-0948,Bulk Row 0948,Required 0948,948,2026-06-12
BULK-0949,Bulk Row 0949,Required 0949,949,2026-06-12
BULK-0950,Bulk Row 0950,Required 0950,950,2026-06-12
BULK-0951,Bulk Row 0951,Required 0951,951,2026-06-12
BULK-0952,Bulk Row 0952,Required 0952,952,2026-06-12
BULK-0953,Bulk Row 0953,Required 0953,953,2026-06-12
BULK-0954,Bulk Row 0954,Required 0954,954,2026-06-12
BULK-0955,Bulk Row 0955,Required 0955,955,2026-06-12
BULK-0956,Bulk Row 0956,Required 0956,956,2026-06-12
BULK-0957,Bulk Row 0957,Required 0957,957,2026-06-12
BULK-0958,Bulk Row 0958,Required 0958,958,2026-06-12
BULK-0959,Bulk Row 0959,Required 0959,959,2026-06-12
BULK-0960,Bulk Row 0960,Required 0960,960,2026-06-12
BULK-0961,Bulk Row 0961,Required 0961,961,2026-06-12
BULK-0962,Bulk Row 0962,Required 0962,962,2026-06-12
BULK-0963,Bulk Row 0963,Required 0963,963,2026-06-12
BULK-0964,Bulk Row 0964,Required 0964,964,2026-06-12
BULK-0965,Bulk Row 0965,Required 0965,965,2026-06-12
BULK-0966,Bulk Row 0966,Required 0966,966,2026-06-12
BULK-0967,Bulk Row 0967,Required 0967,967,2026-06-12
BULK-0968,Bulk Row 0968,Required 0968,968,2026-06-12
BULK-0969,Bulk Row 0969,Required 0969,969,2026-06-12
BULK-0970,Bulk Row 0970,Required 0970,970,2026-06-12
BULK-0971,Bulk Row 0971,Required 0971,971,2026-06-12
BULK-0972,Bulk Row 0972,Required 0972,972,2026-06-12
BULK-0973,Bulk Row 0973,Required 0973,973,2026-06-12
BULK-0974,Bulk Row 0974,Required 0974,974,2026-06-12
BULK-0975,Bulk Row 0975,Required 0975,975,2026-06-12
BULK-0976,Bulk Row 0976,Required 0976,976,2026-06-12
BULK-0977,Bulk Row 0977,Required 0977,977,2026-06-12
BULK-0978,Bulk Row 0978,Required 0978,978,2026-06-12
BULK-0979,Bulk Row 0979,Required 0979,979,2026-06-12
BULK-0980,Bulk Row 0980,Required 0980,980,2026-06-12
BULK-0981,Bulk Row 0981,Required 0981,981,2026-06-12
BULK-0982,Bulk Row 0982,Required 0982,982,2026-06-12
BULK-0983,Bulk Row 0983,Required 0983,983,2026-06-12
BULK-0984,Bulk Row 0984,Required 0984,984,2026-06-12
BULK-0985,Bulk Row 0985,Required 0985,985,2026-06-12
BULK-0986,Bulk Row 0986,Required 0986,986,2026-06-12
BULK-0987,Bulk Row 0987,Required 0987,987,2026-06-12
BULK-0988,Bulk Row 0988,Required 0988,988,2026-06-12
BULK-0989,Bulk Row 0989,Required 0989,989,2026-06-12
BULK-0990,Bulk Row 0990,Required 0990,990,2026-06-12
BULK-0991,Bulk Row 0991,Required 0991,991,2026-06-12
BULK-0992,Bulk Row 0992,Required 0992,992,2026-06-12
BULK-0993,Bulk Row 0993,Required 0993,993,2026-06-12
BULK-0994,Bulk Row 0994,Required 0994,994,2026-06-12
BULK-0995,Bulk Row 0995,Required 0995,995,2026-06-12
BULK-0996,Bulk Row 0996,Required 0996,996,2026-06-12
BULK-0997,Bulk Row 0997,Required 0997,997,2026-06-12
BULK-0998,Bulk Row 0998,Required 0998,998,2026-06-12
BULK-0999,Bulk Row 0999,Required 0999,999,2026-06-12
BULK-1000,Bulk Row 1000,Required 1000,1000,2026-06-12
